id,first_name,last_name,position
2,Jaylen,Adams,G
3,Steven,Adams,C
4,Bam,Adebayo,C-F
5,DeVaughn,Akoon-Purcell,G-F
6,LaMarcus,Aldridge,F
7,Rawle,Alkins,G
8,Grayson,Allen,G
9,Jarrett,Allen,C
10,Al-Farouq,Aminu,F
11,Justin,Anderson,G-F
12,Kyle,Anderson,F
13,Ryan,Anderson,F
15,Giannis,Antetokounmpo,F
16,Kostas,Antetokounmpo,F
17,Carmelo,Anthony,F
18,OG,Anunoby,F
19,Ryan,Arcidiacono,G
20,Trevor,Ariza,F
21,D.J.,Augustin,G
22,Deandre,Ayton,C
23,Dwayne,Bacon,G-F
24,Marvin,Bagley III,F
26,Wade,Baldwin IV,G
27,Lonzo,Ball,G
28,Mo,Bamba,C
29,J.J.,Barea,G
30,Harrison,Barnes,F
31,Will,Barton,G
32,Keita,Bates-Diop,F
33,Nicolas,Batum,F-G
34,Jerryd,Bayless,G
35,Aron,Baynes,C-F
36,Kent,Bazemore,G
37,Bradley,Beal,G
38,Malik,Beasley,G
39,Michael,Beasley,F
40,Marco,Belinelli,G-F
41,Jordan,Bell,F
42,DeAndre',Bembry,F
43,Dragan,Bender,F
44,Davis,Bertans,F
45,Patrick,Beverley,G
46,Khem,Birch,C
48,Bismack,Biyombo,C
49,Nemanja,Bjelica,F
50,Antonio,Blakeney,G
51,Eric,Bledsoe,G
52,Trevon,Bluiett,G-F
53,Bogdan,Bogdanovic,G
54,Bojan,Bogdanovic,F
55,Jonah,Bolden,F
56,Isaac,Bonga,G
57,Devin,Booker,G
58,Chris,Boucher,F
59,Avery,Bradley,G
60,Tony,Bradley,C
61,Mikal,Bridges,F
62,Miles,Bridges,F
63,Isaiah,Briscoe,G
64,Ryan,Broekhoff,G-F
65,Malcolm,Brogdon,G
66,Dillon,Brooks,G-F
68,Troy,Brown Jr.,F
69,Bruce,Brown,G
70,Jaylen,Brown,G
72,Sterling,Brown,G
73,Jalen,Brunson,G
74,Thomas,Bryant,C
75,Reggie,Bullock,G-F
76,Trey,Burke,G
77,Alec,Burks,G
78,Deonte,Burton,G
79,Jimmy,Butler,G-F
80,Jose,Calderon,G
81,Kentavious,Caldwell-Pope,G
82,Isaiah,Canaan,G
83,Clint,Capela,C
84,DeMarre,Carroll,F
85,Wendell,Carter Jr.,F
86,Michael,Carter-Williams,G
87,Jevon,Carter,G
88,Vince,Carter,F-G
89,Alex,Caruso,G
91,Willie,Cauley-Stein,C
92,Troy,Caupain,G
93,Tyler,Cavanaugh,F
94,Tyson,Chandler,C
95,Wilson,Chandler,F
96,Joe,Chealey,G
97,Marquese,Chriss,F
98,Gary,Clark,F
99,Ian,Clark,G
100,Jordan,Clarkson,G
101,John,Collins,F-C
102,Zach,Collins,F-C
103,Darren,Collison,G
104,Mike,Conley,G
105,Pat,Connaughton,G
106,Quinn,Cook,G
107,DeMarcus,Cousins,C
108,Robert,Covington,F
109,Allen,Crabbe,G-F
110,Torrey,Craig,F
111,Jamal,Crawford,G
112,Jae,Crowder,F
113,Dante,Cunningham,F
114,Seth,Curry,G
115,Stephen,Curry,G
116,Troy,Daniels,G
117,Anthony,Davis,F-C
118,Ed,Davis,C
120,Dewayne,Dedmon,C
121,Sam,Dekker,F
122,Angel,Delgado,C
123,Matthew,Dellavedova,G
124,Luol,Deng,F
125,DeMar,DeRozan,G
126,Marcus,Derrickson,F
127,Cheick,Diallo,F
128,Hamidou,Diallo,G
129,Gorgui,Dieng,C
130,Spencer,Dinwiddie,G
131,Donte,DiVincenzo,G
132,Luka,Doncic,F-G
133,Tyler,Dorsey,G
134,Damyean,Dotson,G
135,PJ,Dozier,G-F
136,Goran,Dragic,G
137,Andre,Drummond,C
138,Jared,Dudley,F
139,Kris,Dunn,G
140,Kevin,Durant,F
141,Trevon,Duval,G
142,Vincent,Edwards,F
143,Henry,Ellenson,F
144,Wayne,Ellington,G
145,Joel,Embiid,F-C
146,James,Ennis III,F
147,Drew,Eubanks,F
148,Jacob,Evans,G
150,Tyreke,Evans,G
151,Dante,Exum,G
152,Kenneth,Faried,F-C
153,Derrick,Favors,F-C
154,Cristiano,Felicio,F-C
155,Raymond,Felton,G
156,Terrance,Ferguson,G
157,Yogi,Ferrell,G
158,Dorian,Finney-Smith,F
159,Bryn,Forbes,G
160,Evan,Fournier,G-F
161,De'Aaron,Fox,G
162,Melvin,Frazier Jr.,G-F
163,Tim,Frazier,G
164,Channing,Frye,F-C
165,Markelle,Fultz,G
166,Wenyen,Gabriel,F
167,Danilo,Gallinari,F
168,Langston,Galloway,G
169,Marc,Gasol,C
170,Pau,Gasol,C-F
171,Rudy,Gay,F
172,Paul,George,F
173,Taj,Gibson,F
174,Harry,Giles III,F-C
175,Shai,Gilgeous-Alexander,G
176,Rudy,Gobert,C
177,Aaron,Gordon,F
178,Eric,Gordon,G
180,Devonte',Graham,G
181,Treveon,Graham,F
182,Jerami,Grant,F
183,Jerian,Grant,G
184,Danny,Green,G-F
185,Draymond,Green,F
186,Gerald,Green,G-F
187,JaMychal,Green,F
188,Jeff,Green,F
189,Blake,Griffin,F
190,Daniel,Hamilton,G-F
191,Tim,Hardaway Jr.,G
192,James,Harden,G
193,Maurice,Harkless,F
194,Montrezl,Harrell,F-C
195,Devin,Harris,G
196,Gary,Harris,G
197,Joe,Harris,F-G
198,Andrew,Harrison,G
199,Shaquille,Harrison,G
200,Tobias,Harris,F
201,Isaiah,Hartenstein,F-C
202,Josh,Hart,G
203,Udonis,Haslem,F
204,Gordon,Hayward,F
205,John,Henson,F
206,Juancho,Hernangomez,F
207,Willy,Hernangomez,C
208,Mario,Hezonja,F
209,Isaiah,Hicks,F
210,Buddy,Hield,G
211,George,Hill,G
212,Solomon,Hill,F
213,Aaron,Holiday,G
214,Jrue,Holiday,G
215,Justin,Holiday,F-G
216,Rondae,Hollis-Jefferson,F
217,Richaun,Holmes,F-C
218,Rodney,Hood,G
219,Al,Horford,C-F
220,Dwight,Howard,C
221,Kevin,Huerter,G
222,Chandler,Hutchison,F
223,Serge,Ibaka,F-C
224,Andre,Iguodala,G-F
225,Ersan,Ilyasova,F
226,Joe,Ingles,F
227,Brandon,Ingram,F
228,Kyrie,Irving,G
229,Jonathan,Isaac,F
230,Wes,Iwundu,F
231,Jaren,Jackson Jr.,F-C
232,Demetrius,Jackson,G
233,Frank,Jackson,G
234,Josh,Jackson,F
235,Justin,Jackson,F
236,Reggie,Jackson,G
237,LeBron,James,F
238,Amile,Jefferson,F
239,Jonas,Jerebko,F
240,Alize,Johnson,F
242,James,Johnson,F
243,Stanley,Johnson,F
244,Tyler,Johnson,G
245,Wesley,Johnson,F-G
246,Nikola,Jokic,C
247,Derrick,Jones Jr.,F-G
248,Damian,Jones,C
249,Tyus,Jones,G
250,DeAndre,Jordan,C
251,Cory,Joseph,G
252,Frank,Kaminsky,F-C
253,Enes,Kanter,C
254,Luke,Kennard,G
255,Michael,Kidd-Gilchrist,F
257,Maxi,Kleber,F
258,Brandon,Knight,G
259,Kevin,Knox,F
260,Furkan,Korkmaz,G-F
261,Luke,Kornet,F-C
262,Kyle,Korver,G-F
264,Rodions,Kurucs,F
265,Kyle,Kuzma,F
266,Skal,Labissiere,F
267,Jeremy,Lamb,G
268,Zach,LaVine,G
269,Jake,Layman,F
270,TJ,Leaf,F
271,Courtney,Lee,G
272,Damion,Lee,G
273,Alex,Len,C
274,Kawhi,Leonard,F
275,Meyers,Leonard,F-C
276,Jon,Leuer,F
277,Caris,LeVert,G
278,Damian,Lillard,G
279,Jeremy,Lin,G
280,Shaun,Livingston,G
282,Kevon,Looney,F
283,Brook,Lopez,C
284,Robin,Lopez,C
285,Kevin,Love,F-C
286,Kyle,Lowry,G
287,Jordan,Loyd,G
288,Timothe,Luwawu-Cabarrot,G-F
289,Tyler,Lydon,F
290,Trey,Lyles,F
291,Shelvin,Mack,G
292,Daryl,Macon,G
293,J.P.,Macura,G
294,Ian,Mahinmi,C
295,Thon,Maker,F
296,Boban,Marjanovic,C
297,Lauri,Markkanen,F
298,Jarell,Martin,F
299,Frank,Mason,G
300,Yante,Maten,F
301,Wesley,Matthews,G-F
302,Luc,Mbah a Moute,F
303,CJ,McCollum,G
304,T.J.,McConnell,G
305,Doug,McDermott,F
306,JaVale,McGee,C
307,Rodney,McGruder,F-G
308,Alfonzo,McKinnie,F
309,Ben,McLemore,G
310,Jordan,McRae,G
311,Jodie,Meeks,G
312,Salah,Mejri,C
313,De'Anthony,Melton,G
314,Chimezie,Metu,F
315,Khris,Middleton,F
316,CJ,Miles,F-G
317,Darius,Miller,F
318,Paul,Millsap,F
319,Patty,Mills,G
320,Shake,Milton,G
321,Nikola,Mirotic,F
322,Donovan,Mitchell,G
323,Naz,Mitrou-Long,G
324,Malik,Monk,G
325,Greg,Monroe,C
326,E'Twaun,Moore,G
327,Jaylen,Morris,G
328,Marcus,Morris,F
329,Markieff,Morris,F
330,Monte,Morris,G
331,Johnathan,Motley,F
332,Timofey,Mozgov,C
333,Emmanuel,Mudiay,G
334,Dejounte,Murray,G
335,Jamal,Murray,G
336,Dzanan,Musa,G-F
337,Mike,Muscala,F-C
338,Svi,Mykhailiuk,G
339,Abdel,Nader,F
340,Larry,Nance Jr.,F
341,Shabazz,Napier,G
342,Nene,,C-F
343,Raul,Neto,G
344,Georges,Niang,F
345,Nerlens,Noel,F-C
346,Dirk,Nowitzki,F
347,Frank,Ntilikina,G
349,Jusuf,Nurkic,C
350,David,Nwaba,G
351,Royce,O'Neale,F
352,Kyle,O'Quinn,C
353,Semi,Ojeleye,F
354,Jahlil,Okafor,C
355,Elie,Okobo,G
356,Josh,Okogie,G
357,Victor,Oladipo,G
358,Kelly,Olynyk,F
359,Cedi,Osman,F
360,Kelly,Oubre Jr.,F
361,Zaza,Pachulia,C
362,Jabari,Parker,F
363,Tony,Parker,G
364,Chandler,Parsons,F
365,Patrick,Patterson,F
366,Justin,Patton,C
367,Chris,Paul,G
368,Cameron,Payne,G
369,Elfrid,Payton,G
370,Theo,Pinson,G-F
371,Mason,Plumlee,F-C
372,Miles,Plumlee,C
373,Jakob,Poeltl,C
374,Quincy,Pondexter,F
375,Michael,Porter Jr.,F
376,Otto,Porter Jr.,F
377,Bobby,Portis,F
378,Kristaps,Porzingis,F-C
379,Dwight,Powell,F-C
380,Norman,Powell,F-G
381,Alex,Poythress,F
383,Taurean,Prince,F
385,Ivan,Rabb,F
386,Chasson,Randle,G
387,Julius,Randle,F
389,JJ,Redick,G
390,Davon,Reed,G
391,Josh,Richardson,G-F
393,Austin,Rivers,G
394,Andre,Roberson,G-F
395,Glenn,Robinson III,G-F
396,Devin,Robinson,F
397,Duncan,Robinson,F
398,Jerome,Robinson,G
399,Mitchell,Robinson,C
400,Rajon,Rondo,G
401,Derrick,Rose,G
402,Terrence,Ross,G-F
403,Terry,Rozier,G
404,Ricky,Rubio,G
405,D'Angelo,Russell,G
406,Domantas,Sabonis,F
407,Dario,Saric,F
408,Tomas,Satoransky,G-F
409,Dennis,Schroder,G
410,Mike,Scott,F
411,Thabo,Sefolosha,F
412,Wayne,Selden,G-F
413,Collin,Sexton,G
414,Landry,Shamet,G
415,Iman,Shumpert,G
416,Pascal,Siakam,F
417,Ben,Simmons,G-F
418,Jonathon,Simmons,F
419,Anfernee,Simons,G
420,Marcus,Smart,G
421,Dennis,Smith Jr.,G
422,Ish,Smith,G
423,Jason,Smith,F-C
424,JR,Smith,G-F
425,Zhaire,Smith,G
426,Tony,Snell,G
427,Ray,Spalding,F
428,Omari,Spellman,F
429,Nik,Stauskas,G
431,Lance,Stephenson,G
432,Edmond,Sumner,G
433,Caleb,Swanigan,F
434,Jayson,Tatum,F
435,Jeff,Teague,G
436,Garrett,Temple,G-F
438,Jared,Terrell,G
439,Daniel,Theis,F
440,Isaiah,Thomas,G
441,Khyri,Thomas,G
442,Lance,Thomas,F
443,Klay,Thompson,G
444,Tristan,Thompson,C-F
445,Sindarius,Thornwell,G
446,Anthony,Tolliver,F
447,Karl-Anthony,Towns,C
449,Allonzo,Trier,G
450,PJ,Tucker,F
451,Evan,Turner,G-F
452,Myles,Turner,C-F
453,Ekpe,Udoh,C-F
454,Tyler,Ulis,G
455,Jonas,Valanciunas,C
456,Denzel,Valentine,G
457,Jarred,Vanderbilt,F
458,Fred,VanVleet,G
459,Noah,Vonleh,F
460,Nikola,Vucevic,C
461,Dwyane,Wade,G
462,Moritz,Wagner,C
463,Dion,Waiters,G
464,Lonnie,Walker IV,G
465,Kemba,Walker,G
466,Tyrone,Wallace,G
467,John,Wall,G
468,Brad,Wanamaker,G
469,T.J.,Warren,F
470,Yuta,Watanabe,G
471,Thomas,Welsh,C
472,Russell,Westbrook,G
473,Derrick,White,G
474,Hassan,Whiteside,C
475,Andrew,Wiggins,F-G
476,Robert,Williams III,C-F
477,Alan,Williams,F-C
478,C.J.,Williams,G
479,Johnathan,Williams,F
480,Kenrich,Williams,G-F
481,Lou,Williams,G
482,Marvin,Williams,F
483,Troy,Williams,F
484,D.J.,Wilson,F
485,Justise,Winslow,F
486,Christian,Wood,F
487,Delon,Wright,G
488,Guerschon,Yabusele,F
489,Thaddeus,Young,F
490,Trae,Young,G
491,Cody,Zeller,C
492,Ante,Zizic,C
493,Ivica,Zubac,C
1364,Joe,Johnson,
1764,Corey,Brewer,
1771,Joakim,Noah,
1938,Jimmer,Fredette,
1983,Tyler,Zeller,
1988,Donatas,Motiejunas,
2007,John,Jenkins,
2048,Anthony,Bennett,
2075,Devyn,Marble,
2080,JaKarr,Sampson,
2099,Bruno,Caboclo,
2100,Kalin,Lucas,
2105,CJ,Wilcox,
2106,Eric,Moreland,
2117,David,Stockton,
2139,RJ,Hunter,
2148,Thanasis,Antetokounmpo,
2158,Patrick,McCaw,
2160,Isaiah,Whitehead,
2162,Deyonta,Davis,
2175,Danuel,House Jr.,
2178,Jonathan,Gibson,
2189,Gary,Payton II,
2190,Isaiah,Taylor,
2194,Josh,Magette,
2202,Kobi,Simmons,
2205,Jawun,Evans,
2208,Derrick,Walton Jr.,
2211,Antonius,Cleveland,
2213,London,Perrantes,
2215,Malcolm,Miller,
2216,Kadeem,Allen,
2219,Milton,Doyle,
2222,Myke,Henry,
2223,Ben,Moore,
2225,Josh,Gray,
2229,Walter,Lemon Jr.,
2909,Ken,Bannister,
2910,Ken,Norman,
2911,Loy,Vaught,
2912,Tom,Garrick,
2913,Winston,Garland,
2914,Antoine,Carr,
2915,Bill,Wennington,
2916,Bob,Hansen,
2917,Duane,Causwell,
2918,Eric,Leckner,
2919,Lionel,Simmons,
2920,Ralph,Sampson,
2921,Rory,Sparrow,
2922,Steve,Colter,
2923,Wayman,Tisdale,
2924,B.J.,Armstrong,
2925,Bill,Cartwright,
2926,Cliff,Levingston,
2927,Craig,Hodges,
2928,Dennis,Hopson,
2929,Horace,Grant,
2930,John,Paxson,
2931,Michael,Jordan,
2932,Scott,Williams,
2933,Scottie,Pippen,
2934,Stacey,King,
2935,Will,Perdue,
2936,Brian,Oliver,
2937,Charles,Barkley,
2938,Hersey,Hawkins,
2939,Jayson,Williams,
2940,Johnny,Dawkins,
2941,Manute,Bol,
2942,Mike,Gminski,
2943,Rick,Mahorn,
2944,Rickey,Green,
2945,Ron,Anderson,
2946,Armen,Gilliam,
2947,Dave,Hoppen,
2948,Dell,Curry,
2949,J.R.,Reid,
2950,Johnny,Newman,
2951,Kelly,Tripucka,
2952,Kendall,Gill,
2953,Kenny,Gattison,
2954,Muggsy,Bogues,
2955,Rex,Chapman,
2956,Brian,Quinnett,
2957,Charles,Oakley,
2958,Eddielee,Wilkins,
2959,Gerald,Wilkins,
2960,Jerrod,Mustaf,
2961,Kiki,Vandeweghe,
2962,Mark,Jackson,
2963,Maurice,Cheeks,
2964,Patrick,Ewing,
2965,Mark,Bryant,
2966,Dana,Barros,
2967,Derrick,McKey,
2968,Gary,Payton,
2969,Michael,Cage,
2970,Olden,Polynice,
2971,Quintin,Dailey,
2972,Sedale,Threatt,
2973,Shawn,Kemp,
2974,Xavier,McDaniel,
2975,Tree,Rollins,
2976,Pervis,Ellison,
2977,Stuart,Gray,
2978,Trent,Tucker,
2979,Frank,Kornet,
2980,David,Greenwood,
2981,David,Robinson,
2982,Paul,Pressey,
2983,Reggie,Williams,
2984,Sean,Elliott,
2985,Sean,Higgins,
2986,Sidney,Green,
2987,Terry,Cummings,
2988,Tony,Massenburg,
2989,A.C.,Green,
2990,Byron,Scott,
2991,Elden,Campbell,
2992,James,Worthy,
2993,Larry,Drew,
2994,Magic,Johnson,
2995,Mychal,Thompson,
2996,Sam,Perkins,
2997,Terry,Teagle,
2998,Vlade,Divac,
2999,John,Shasky,
3000,Randy,White,
3001,Steve,Alford,
3002,Greg,Butler,
3003,Steve,Scheffler,
3004,Les,Jepsen,
3005,Mike,Smrek,
3006,Danny,Manning,
3007,Mark,McNamara,
3008,Steve,Kerr,
3009,Kennard,Winchester,
3010,Rick,Calloway,
3011,Travis,Mays,
3012,Trevor,Wilson,
3013,Tony,Brown,
3014,Randolph,Keys,
3015,Benoit,Benjamin,
3016,Byron,Dinkins,
3017,Dwayne,Schintzius,
3018,Kenny,Payne,
3019,Greg,Grant,
3020,Tony,Smith,
3021,Nate,McMillan,
3022,Rod,Strickland,
3023,Mahmoud,Abdul-Rauf,
3024,Scott,Meents,
3025,Jim,Petersen,
3026,Bob,Thornton,
3027,Drazen,Petrovic,
3028,Kurt,Rambis,
3029,Jon,Koncak,
3030,Stojko,Vrankovic,
3031,Cedric,Ball,
3032,Andrew,Lang,
3033,Bart,Kofoed,
3034,Jim,Farmer,
3035,Dave,Corzine,
3036,Buck,Johnson,
3037,Milos,Babic,
3038,Negele,Knight,
3039,Willie,Anderson,
3040,Andre,Turner,
3041,Ledell,Eackles,
3042,Jim,Grandholm,
3043,Kelvin,Upshaw,
3044,Leon,Wood,
3045,Terry,Mills,
3046,Darnell,Valentine,
3047,Morlon,Wiley,
3048,Irving,Thomas,
3049,John,Starks,
3050,Pete,Myers,
3051,Keith,Askins,
3052,Anthony,Bonner,
3053,Dale,Ellis,
3054,Pat,Cummings,
3055,Kenny,Walker,
3056,Mario,Elie,
3057,Anthony,Mason,
3058,Tim,Legler,
3059,Dan,O'Sullivan,
3060,Dan,Godfread,
3061,Henry,James,
3062,Jim,Les,
3063,Paul,Mokeski,
3064,Earl,Cureton,
3065,Anthony,Frederick,
3066,Jawann,Oldham,
3067,Jeff,Sanders,
3068,Scott,Haffner,
3069,John,Long,
3070,Ron,Harper,
3071,Tony,Harris,
3072,Clifford,Lett,
3073,Clinton,Smith,
3074,John,Williams,
3075,Craig,Neal,
3076,Mike,Higgins,
3077,Joe,"Barry,Carroll",
3078,Gerald,Henderson,
3079,Everette,Stephens,
3080,Charles,Smith,
3081,David,Wingate,
3082,Tony,Dawson,
3083,Gary,Leonard,
3084,A.J.,Wynder,
3085,Adrian,Dantley,
3086,Derek,Smith,
3087,Vincent,Askew,
3088,Robert,Reid,
3089,Gary,Trent Jr.,
3090,Jaron,Blossomgame,
3091,Brandon,Goodwin,
3092,Haywood,Highsmith,
3450,Deng,Adel,
3943,Julian,Washburn,
5117,Mitchell,Creek,
5279,Emanuel,Terry,
5471,Brandon,Sampson,
45947,Donte,Grantham,
50191,Bonzie,Colson,F
50609,Dairis,Bertans,G
50661,Chris,Chiozza,G
50729,Michael,Frazier,G
50737,Billy,Garrett,G-F
50793,Isaac,Humphries,C
50815,BJ,Johnson,F
50823,Jemerrio,Jones,F
50927,Kendrick,Nunn,G
50947,Tarik,Phillip,G
50966,Cameron,Reynolds,G
666393,Jalen,Adams,G
666400,Nickeil,Alexander-Walker,G
666401,Kyle,Alexander,F
666423,RJ,Barrett,F-G
666429,Darius,Bazley,F
666438,Javon,Bess,G
666440,Kavell,Bigby-Williams,C
666442,Goga,Bitadze,C
666446,Keljin,Blevins,F
666451,Bol,Bol,C
666453,Marques,Bolden,C
666454,Jordan,Bone,G
666457,Phil,Booth,G
666459,Brian,Bowen II,F
666460,Ky,Bowman,G
666463,Jarrell,Brantley,F
666464,Ignas,Brazdeikis,F
666467,Amida,Brimah,C
666468,Oshae,Brissett,F
666474,Charles,Brown,G
666476,Moses,Brown,C
666486,Devontae,Cacok,F-C
666488,Perrion,Callandret,G
666489,Vlatko,Cancar,F
666502,Zylan,Cheatham,F
666505,Brandon,Clarke,F
666508,Nicolas,Claxton,F-C
666509,Chris,Clemons,G
666511,Amir,Coffey,G
666517,Tyler,Cook,C
666523,Jarrett,Culver,G
666529,Jon,Davis,G
666530,Terence,Davis,G
666541,Luguentz,Dort,G
666543,Sekou,Doumbouya,F
666551,Carsen,Edwards,G
666552,John,Egbunu,C
666560,Tacko,Fall,C
666564,Bruno,Fernando,F
666570,Robert,Franks,F
666576,Abdul,Gaddy,G
666577,Daniel,Gafford,F
666580,JaKeenan,Gant,F
666581,Darius,Garland,G
666584,Kaiser,Gates,F
666598,Hassani,Gravett,G
666604,Javonte,Green,G-F
666607,Marko,Guduric,G
666608,Kyle,Guy,G
666609,Rui,Hachimura,F
666610,Devon,Hall,G
666611,Donta,Hall,F
666616,Jared,Harper,G
666626,Jaxson,Hayes,C
666630,Dewan,Hernandez,C
666633,Tyler,Herro,G
666637,Ahmed,Hill,G
666640,Amir,Hinton,G
666641,Jaylen,Hoard,F
666647,Daulton,Hommes,F
666650,Talen,Horton-Tucker,G
666653,William,Howard,G-F
666656,De'Andre,Hunter,F
666672,Justin,James,G-F
666675,DaQuan,Jeffries,F
666676,Ty,Jerome,G
666679,Cameron,Johnson,F
666682,Keldon,Johnson,F
666692,Mfiondu,Kabengele,F
666697,Stanton,Kidd,F
666698,Louis,King,F
666702,Sagaba,Konate,F
666703,John,Konchar,G-F
666707,Christ,Koumadje,C
666708,David,Kramer,G
666713,Romeo,Langford,G
666714,Terry,Larrier,F
666716,Dedric,Lawson,F
666717,Vic,Law,F
666720,Jalen,Lecque,G
666726,Mathias,Lessort,F
666729,Nassir,Little,F
666743,Terance,Mann,G
666747,Caleb,Martin,F
666748,Cody,Martin,F
666750,Jeremiah,Martin,G
666751,Kelan,Martin,F
666754,Garrison,Mathews,G
666755,Dakota,Mathias,G
666757,Luke,Maye,F
666758,Tahjere,McCall,G
666762,Jalen,McDaniels,F
666767,Jordan,McLaughlin,G
666770,Nicolo,Melli,F
666775,Isaiah,Miles,F
666783,Adam,Mokoka,G
666786,Ja,Morant,G
666788,Juwan,Morgan,F
666794,Mychal,Mulder,G
666795,Jordan,Murphy,F
666808,Zach,Norvell Jr.,G
666809,Jaylen,Nowell,G
666818,Chuma,Okeke,F
666821,KZ,Okpala,F
666824,Miye,Oni,G
666827,Tariq,Owens,F
666828,James,Palmer Jr.,G
666831,Eric,Paschall,F
666837,Norvel,Pelle,F
666838,Josh,Perkins,F
666840,Lamar,Peters,G
666841,Isaiah,Pineiro,F
666846,Vincent,Poirier,C
666847,Shamorie,Ponds,G
666848,Jordan,Poole,G
666849,Kevin,Porter Jr.,G
666859,Josh,Reaves,G
666860,Cameron,Reddish,F-G
666871,Justin,Robinson,G
666873,Isaiah,Roby,F
666881,Luka,Samanic,F
666885,Admiral,Schofield,F
666891,Marial,Shayok,G
666892,Simisola,Shittu,F
666894,Chris,Silva,F
666897,Justin,Simon,G
666899,Deividas,Sirvydis,G
666900,Alen,Smailagic,F
666908,Max,Strus,G
666919,Matt,Thomas,G
666923,Matisse,Thybulle,G-F
666925,Juan,Toscano-Anderson,F
666930,Rayjon,Tucker,F
666940,Dean,Wade,F
666950,P.J.,Washington,F
666952,Tremont,Waters,G
666953,Quinndary,Weatherspoon,G
666956,Coby,White,G
666960,Lindell,Wigginton,G
666963,Nigel,Williams-Goss,G
666965,Grant,Williams,F
666969,Zion,Williamson,F
666971,Dylan,Windler,G-F
666973,Todd,Withers,F
666975,Kenny,Wooten,F
666976,Justin,Wright-Foreman,G
667302,Nicolo,Melli,F
667378,Naz,Reid,F-C
1280857,Kevin,Hervey,F
1358055,Anzejs,Pasecniks,C
1567838,Paul,Watson,G
1573276,Levi,Randolph,G
1603383,Gabe,Vincent,G
1687493,Matt,Mooney,G
